country_name,iso3c,year,week,deaths,week_date
Italy,ITA,2015,1,15178,2014-12-29
Italy,ITA,2015,2,15811,2015-01-05
Italy,ITA,2015,3,15480,2015-01-12
Italy,ITA,2015,4,14922,2015-01-19
Italy,ITA,2015,5,15228,2015-01-26
Italy,ITA,2015,6,15640,2015-02-02
Italy,ITA,2015,7,15510,2015-02-09
Italy,ITA,2015,8,15149,2015-02-16
Italy,ITA,2015,9,14544,2015-02-23
Italy,ITA,2015,10,14211,2015-03-02
Italy,ITA,2015,11,13846,2015-03-09
Italy,ITA,2015,12,13455,2015-03-16
Italy,ITA,2015,13,13126,2015-03-23
Italy,ITA,2015,14,12832,2015-03-30
Italy,ITA,2015,15,12811,2015-04-06
Italy,ITA,2015,16,12781,2015-04-13
Italy,ITA,2015,17,12046,2015-04-20
Italy,ITA,2015,18,11946,2015-04-27
Italy,ITA,2015,19,12177,2015-05-04
Italy,ITA,2015,20,11518,2015-05-11
Italy,ITA,2015,21,11058,2015-05-18
Italy,ITA,2015,22,10848,2015-05-25
Italy,ITA,2015,23,12060,2015-06-01
Italy,ITA,2015,24,11447,2015-06-08
Italy,ITA,2015,25,10591,2015-06-15
Italy,ITA,2015,26,10808,2015-06-22
Italy,ITA,2015,27,11819,2015-06-29
Italy,ITA,2015,28,13269,2015-07-06
Italy,ITA,2015,29,13303,2015-07-13
Italy,ITA,2015,30,14555,2015-07-20
Italy,ITA,2015,31,12009,2015-07-27
Italy,ITA,2015,32,12595,2015-08-03
Italy,ITA,2015,33,11716,2015-08-10
Italy,ITA,2015,34,10619,2015-08-17
Italy,ITA,2015,35,11116,2015-08-24
Italy,ITA,2015,36,11352,2015-08-31
Italy,ITA,2015,37,10629,2015-09-07
Italy,ITA,2015,38,11358,2015-09-14
Italy,ITA,2015,39,10687,2015-09-21
Italy,ITA,2015,40,11228,2015-09-28
Italy,ITA,2015,41,11624,2015-10-05
Italy,ITA,2015,42,11389,2015-10-12
Italy,ITA,2015,43,11834,2015-10-19
Italy,ITA,2015,44,11722,2015-10-26
Italy,ITA,2015,45,11850,2015-11-02
Italy,ITA,2015,46,11629,2015-11-09
Italy,ITA,2015,47,11689,2015-11-16
Italy,ITA,2015,48,11738,2015-11-23
Italy,ITA,2015,49,12501,2015-11-30
Italy,ITA,2015,50,12491,2015-12-07
Italy,ITA,2015,51,12463,2015-12-14
Italy,ITA,2015,52,12560,2015-12-21
Italy,ITA,2015,53,13218,2015-12-28
Italy,ITA,2016,1,13517,2016-01-04
Italy,ITA,2016,2,13055,2016-01-11
Italy,ITA,2016,3,13545,2016-01-18
Italy,ITA,2016,4,13388,2016-01-25
Italy,ITA,2016,5,12997,2016-02-01
Italy,ITA,2016,6,13168,2016-02-08
Italy,ITA,2016,7,12685,2016-02-15
Italy,ITA,2016,8,12709,2016-02-22
Italy,ITA,2016,9,12772,2016-02-29
Italy,ITA,2016,10,12845,2016-03-07
Italy,ITA,2016,11,12887,2016-03-14
Italy,ITA,2016,12,12525,2016-03-21
Italy,ITA,2016,13,12725,2016-03-28
Italy,ITA,2016,14,12291,2016-04-04
Italy,ITA,2016,15,11822,2016-04-11
Italy,ITA,2016,16,11594,2016-04-18
Italy,ITA,2016,17,11420,2016-04-25
Italy,ITA,2016,18,11595,2016-05-02
Italy,ITA,2016,19,11422,2016-05-09
Italy,ITA,2016,20,10950,2016-05-16
Italy,ITA,2016,21,11509,2016-05-23
Italy,ITA,2016,22,10842,2016-05-30
Italy,ITA,2016,23,11030,2016-06-06
Italy,ITA,2016,24,10766,2016-06-13
Italy,ITA,2016,25,11442,2016-06-20
Italy,ITA,2016,26,11247,2016-06-27
Italy,ITA,2016,27,11293,2016-07-04
Italy,ITA,2016,28,11324,2016-07-11
Italy,ITA,2016,29,11170,2016-07-18
Italy,ITA,2016,30,11042,2016-07-25
Italy,ITA,2016,31,10991,2016-08-01
Italy,ITA,2016,32,10606,2016-08-08
Italy,ITA,2016,33,11144,2016-08-15
Italy,ITA,2016,34,11193,2016-08-22
Italy,ITA,2016,35,10748,2016-08-29
Italy,ITA,2016,36,10479,2016-09-05
Italy,ITA,2016,37,10584,2016-09-12
Italy,ITA,2016,38,10321,2016-09-19
Italy,ITA,2016,39,11094,2016-09-26
Italy,ITA,2016,40,11158,2016-10-03
Italy,ITA,2016,41,12362,2016-10-10
Italy,ITA,2016,42,12060,2016-10-17
Italy,ITA,2016,43,11816,2016-10-24
Italy,ITA,2016,44,11744,2016-10-31
Italy,ITA,2016,45,11889,2016-11-07
Italy,ITA,2016,46,12476,2016-11-14
Italy,ITA,2016,47,12146,2016-11-21
Italy,ITA,2016,48,12205,2016-11-28
Italy,ITA,2016,49,12543,2016-12-05
Italy,ITA,2016,50,13262,2016-12-12
Italy,ITA,2016,51,14861,2016-12-19
Italy,ITA,2016,52,16489,2016-12-26
Italy,ITA,2017,1,18072,2017-01-02
Italy,ITA,2017,2,18990,2017-01-09
Italy,ITA,2017,3,17973,2017-01-16
Italy,ITA,2017,4,16487,2017-01-23
Italy,ITA,2017,5,15747,2017-01-30
Italy,ITA,2017,6,14081,2017-02-06
Italy,ITA,2017,7,13852,2017-02-13
Italy,ITA,2017,8,13290,2017-02-20
Italy,ITA,2017,9,13148,2017-02-27
Italy,ITA,2017,10,12917,2017-03-06
Italy,ITA,2017,11,12783,2017-03-13
Italy,ITA,2017,12,12602,2017-03-20
Italy,ITA,2017,13,12300,2017-03-27
Italy,ITA,2017,14,11848,2017-04-03
Italy,ITA,2017,15,12084,2017-04-10
Italy,ITA,2017,16,11553,2017-04-17
Italy,ITA,2017,17,11972,2017-04-24
Italy,ITA,2017,18,12050,2017-05-01
Italy,ITA,2017,19,11859,2017-05-08
Italy,ITA,2017,20,11635,2017-05-15
Italy,ITA,2017,21,11538,2017-05-22
Italy,ITA,2017,22,11554,2017-05-29
Italy,ITA,2017,23,10878,2017-06-05
Italy,ITA,2017,24,11494,2017-06-12
Italy,ITA,2017,25,11700,2017-06-19
Italy,ITA,2017,26,11164,2017-06-26
Italy,ITA,2017,27,11170,2017-07-03
Italy,ITA,2017,28,11642,2017-07-10
Italy,ITA,2017,29,11117,2017-07-17
Italy,ITA,2017,30,11091,2017-07-24
Italy,ITA,2017,31,13013,2017-07-31
Italy,ITA,2017,32,13993,2017-08-07
Italy,ITA,2017,33,11673,2017-08-14
Italy,ITA,2017,34,10922,2017-08-21
Italy,ITA,2017,35,11110,2017-08-28
Italy,ITA,2017,36,10542,2017-09-04
Italy,ITA,2017,37,10787,2017-09-11
Italy,ITA,2017,38,10976,2017-09-18
Italy,ITA,2017,39,11456,2017-09-25
Italy,ITA,2017,40,11562,2017-10-02
Italy,ITA,2017,41,12010,2017-10-09
Italy,ITA,2017,42,11902,2017-10-16
Italy,ITA,2017,43,11929,2017-10-23
Italy,ITA,2017,44,11761,2017-10-30
Italy,ITA,2017,45,12238,2017-11-06
Italy,ITA,2017,46,12478,2017-11-13
Italy,ITA,2017,47,12418,2017-11-20
Italy,ITA,2017,48,12555,2017-11-27
Italy,ITA,2017,49,13051,2017-12-04
Italy,ITA,2017,50,13501,2017-12-11
Italy,ITA,2017,51,13467,2017-12-18
Italy,ITA,2017,52,14956,2017-12-25
Italy,ITA,2018,1,16245,2018-01-01
Italy,ITA,2018,2,15947,2018-01-08
Italy,ITA,2018,3,15234,2018-01-15
Italy,ITA,2018,4,14698,2018-01-22
Italy,ITA,2018,5,14551,2018-01-29
Italy,ITA,2018,6,13844,2018-02-05
Italy,ITA,2018,7,14034,2018-02-12
Italy,ITA,2018,8,14026,2018-02-19
Italy,ITA,2018,9,14406,2018-02-26
Italy,ITA,2018,10,14197,2018-03-05
Italy,ITA,2018,11,13306,2018-03-12
Italy,ITA,2018,12,12417,2018-03-19
Italy,ITA,2018,13,12793,2018-03-26
Italy,ITA,2018,14,12404,2018-04-02
Italy,ITA,2018,15,12140,2018-04-09
Italy,ITA,2018,16,11917,2018-04-16
Italy,ITA,2018,17,11742,2018-04-23
Italy,ITA,2018,18,11060,2018-04-30
Italy,ITA,2018,19,11030,2018-05-07
Italy,ITA,2018,20,10857,2018-05-14
Italy,ITA,2018,21,11329,2018-05-21
Italy,ITA,2018,22,11317,2018-05-28
Italy,ITA,2018,23,10996,2018-06-04
Italy,ITA,2018,24,11091,2018-06-11
Italy,ITA,2018,25,11003,2018-06-18
Italy,ITA,2018,26,10550,2018-06-25
Italy,ITA,2018,27,11146,2018-07-02
Italy,ITA,2018,28,11117,2018-07-09
Italy,ITA,2018,29,11180,2018-07-16
Italy,ITA,2018,30,11132,2018-07-23
Italy,ITA,2018,31,12305,2018-07-30
Italy,ITA,2018,32,12469,2018-08-06
Italy,ITA,2018,33,11204,2018-08-13
Italy,ITA,2018,34,11189,2018-08-20
Italy,ITA,2018,35,10851,2018-08-27
Italy,ITA,2018,36,11008,2018-09-03
Italy,ITA,2018,37,11098,2018-09-10
Italy,ITA,2018,38,11177,2018-09-17
Italy,ITA,2018,39,10903,2018-09-24
Italy,ITA,2018,40,11485,2018-10-01
Italy,ITA,2018,41,11614,2018-10-08
Italy,ITA,2018,42,11593,2018-10-15
Italy,ITA,2018,43,11891,2018-10-22
Italy,ITA,2018,44,11551,2018-10-29
Italy,ITA,2018,45,11805,2018-11-05
Italy,ITA,2018,46,11811,2018-11-12
Italy,ITA,2018,47,12532,2018-11-19
Italy,ITA,2018,48,12391,2018-11-26
Italy,ITA,2018,49,12739,2018-12-03
Italy,ITA,2018,50,12827,2018-12-10
Italy,ITA,2018,51,13306,2018-12-17
Italy,ITA,2018,52,13426,2018-12-24
Italy,ITA,2019,1,14168,2018-12-31
Italy,ITA,2019,2,14863,2019-01-07
Italy,ITA,2019,3,15325,2019-01-14
Italy,ITA,2019,4,15360,2019-01-21
Italy,ITA,2019,5,15807,2019-01-28
Italy,ITA,2019,6,15228,2019-02-04
Italy,ITA,2019,7,15072,2019-02-11
Italy,ITA,2019,8,14674,2019-02-18
Italy,ITA,2019,9,14605,2019-02-25
Italy,ITA,2019,10,13827,2019-03-04
Italy,ITA,2019,11,13344,2019-03-11
Italy,ITA,2019,12,12655,2019-03-18
Italy,ITA,2019,13,12486,2019-03-25
Italy,ITA,2019,14,12714,2019-04-01
Italy,ITA,2019,15,12107,2019-04-08
Italy,ITA,2019,16,12167,2019-04-15
Italy,ITA,2019,17,11895,2019-04-22
Italy,ITA,2019,18,11522,2019-04-29
Italy,ITA,2019,19,11699,2019-05-06
Italy,ITA,2019,20,11552,2019-05-13
Italy,ITA,2019,21,11619,2019-05-20
Italy,ITA,2019,22,11350,2019-05-27
Italy,ITA,2019,23,12261,2019-06-03
Italy,ITA,2019,24,11982,2019-06-10
Italy,ITA,2019,25,11375,2019-06-17
Italy,ITA,2019,26,12667,2019-06-24
Italy,ITA,2019,27,12324,2019-07-01
Italy,ITA,2019,28,11617,2019-07-08
Italy,ITA,2019,29,11019,2019-07-15
Italy,ITA,2019,30,12024,2019-07-22
Italy,ITA,2019,31,10974,2019-07-29
Italy,ITA,2019,32,11395,2019-08-05
Italy,ITA,2019,33,11256,2019-08-12
Italy,ITA,2019,34,11046,2019-08-19
Italy,ITA,2019,35,10908,2019-08-26
Italy,ITA,2019,36,10448,2019-09-02
Italy,ITA,2019,37,11025,2019-09-09
Italy,ITA,2019,38,10907,2019-09-16
Italy,ITA,2019,39,10986,2019-09-23
Italy,ITA,2019,40,10953,2019-09-30
Italy,ITA,2019,41,11441,2019-10-07
Italy,ITA,2019,42,11515,2019-10-14
Italy,ITA,2019,43,11769,2019-10-21
Italy,ITA,2019,44,11234,2019-10-28
Italy,ITA,2019,45,11740,2019-11-04
Italy,ITA,2019,46,12125,2019-11-11
Italy,ITA,2019,47,11968,2019-11-18
Italy,ITA,2019,48,12024,2019-11-25
Italy,ITA,2019,49,11897,2019-12-02
Italy,ITA,2019,50,12666,2019-12-09
Italy,ITA,2019,51,12981,2019-12-16
Italy,ITA,2019,52,12398,2019-12-23
Italy,ITA,2020,1,13483,2019-12-30
Italy,ITA,2020,2,13974,2020-01-06
Italy,ITA,2020,3,14049,2020-01-13
Italy,ITA,2020,4,13989,2020-01-20
Italy,ITA,2020,5,13900,2020-01-27
Italy,ITA,2020,6,13537,2020-02-03
Italy,ITA,2020,7,13641,2020-02-10
Italy,ITA,2020,8,13257,2020-02-17
Italy,ITA,2020,9,13696,2020-02-24
Italy,ITA,2020,10,14706,2020-03-02
Italy,ITA,2020,11,18234,2020-03-09
Italy,ITA,2020,12,21929,2020-03-16
Italy,ITA,2020,13,23457,2020-03-23
Italy,ITA,2020,14,20901,2020-03-30
Italy,ITA,2020,15,18949,2020-04-06
Italy,ITA,2020,16,16757,2020-04-13
Italy,ITA,2020,17,14725,2020-04-20
Italy,ITA,2020,18,13156,2020-04-27
Italy,ITA,2020,19,12604,2020-05-04
Italy,ITA,2020,20,11976,2020-05-11
Italy,ITA,2020,21,11447,2020-05-18
Italy,ITA,2020,22,10982,2020-05-25
Italy,ITA,2020,23,11144,2020-06-01
Italy,ITA,2020,24,10708,2020-06-08
Italy,ITA,2020,25,11123,2020-06-15
Italy,ITA,2020,26,12070,2020-06-22
Italy,ITA,2020,27,12396,2020-06-29
Italy,ITA,2020,28,11484,2020-07-06
Italy,ITA,2020,29,10923,2020-07-13
Italy,ITA,2020,30,11393,2020-07-20
Italy,ITA,2020,31,12724,2020-07-27
Italy,ITA,2020,32,12115,2020-08-03
Italy,ITA,2020,33,12410,2020-08-10
Italy,ITA,2020,34,11914,2020-08-17
Italy,ITA,2020,35,11761,2020-08-24
Italy,ITA,2020,36,11262,2020-08-31
Italy,ITA,2020,37,11627,2020-09-07
Italy,ITA,2020,38,11821,2020-09-14
Italy,ITA,2020,39,11179,2020-09-21
Italy,ITA,2020,40,12017,2020-09-28
Italy,ITA,2020,41,12246,2020-10-05
Italy,ITA,2020,42,12746,2020-10-12
Italy,ITA,2020,43,14547,2020-10-19
Italy,ITA,2020,44,15659,2020-10-26
Italy,ITA,2020,45,17335,2020-11-02
Italy,ITA,2020,46,18647,2020-11-09
Italy,ITA,2020,47,18784,2020-11-16
Italy,ITA,2020,48,18887,2020-11-23
Italy,ITA,2020,49,17995,2020-11-30
Italy,ITA,2020,50,17482,2020-12-07
Italy,ITA,2020,51,17073,2020-12-14
Italy,ITA,2020,52,15703,2020-12-21
Italy,ITA,2020,53,16338,2020-12-28
Italy,ITA,2021,1,16831,2021-01-04
Italy,ITA,2021,2,16921,2021-01-11
Italy,ITA,2021,3,17209,2021-01-18
Italy,ITA,2021,4,16383,2021-01-25
Italy,ITA,2021,5,15657,2021-02-01
Italy,ITA,2021,6,14324,2021-02-08
Italy,ITA,2021,7,14965,2021-02-15
Italy,ITA,2021,8,14443,2021-02-22
Italy,ITA,2021,9,14751,2021-03-01
Italy,ITA,2021,10,15259,2021-03-08
Italy,ITA,2021,11,15559,2021-03-15
Italy,ITA,2021,12,15982,2021-03-22
Italy,ITA,2021,13,15929,2021-03-29
Italy,ITA,2021,14,15219,2021-04-05
Italy,ITA,2021,15,14646,2021-04-12
Italy,ITA,2021,16,14576,2021-04-19
Italy,ITA,2021,17,13761,2021-04-26
Italy,ITA,2021,18,12813,2021-05-03
Italy,ITA,2021,19,12428,2021-05-10
Italy,ITA,2021,20,12188,2021-05-17
Italy,ITA,2021,21,12005,2021-05-24
Italy,ITA,2021,22,11957,2021-05-31
Italy,ITA,2021,23,11874,2021-06-07
Italy,ITA,2021,24,11716,2021-06-14
Italy,ITA,2021,25,12871,2021-06-21
Italy,ITA,2021,26,12419,2021-06-28
Italy,ITA,2021,27,12039,2021-07-05
Italy,ITA,2021,28,11693,2021-07-12
Italy,ITA,2021,29,11999,2021-07-19
Italy,ITA,2021,30,12850,2021-07-26
Italy,ITA,2021,31,12646,2021-08-02
Italy,ITA,2021,32,13752,2021-08-09
Italy,ITA,2021,33,12889,2021-08-16
Italy,ITA,2021,34,12075,2021-08-23
Italy,ITA,2021,35,12021,2021-08-30
Italy,ITA,2021,36,12142,2021-09-06
Italy,ITA,2021,37,12231,2021-09-13
Italy,ITA,2021,38,11633,2021-09-20
Italy,ITA,2021,39,11534,2021-09-27
Italy,ITA,2021,40,11378,2021-10-04
Italy,ITA,2021,41,12515,2021-10-11
Italy,ITA,2021,42,13072,2021-10-18
Italy,ITA,2021,43,12703,2021-10-25
Italy,ITA,2021,44,12743,2021-11-01
Italy,ITA,2021,45,12794,2021-11-08
Italy,ITA,2021,46,12781,2021-11-15
Italy,ITA,2021,47,12751,2021-11-22
Italy,ITA,2021,48,13879,2021-11-29
Italy,ITA,2021,49,14237,2021-12-06
Italy,ITA,2021,50,14972,2021-12-13
Italy,ITA,2021,51,15214,2021-12-20
Italy,ITA,2021,52,15021,2021-12-27
Italy,ITA,2022,1,15960,2022-01-03
Italy,ITA,2022,2,16909,2022-01-10
Italy,ITA,2022,3,17035,2022-01-17
Italy,ITA,2022,4,17347,2022-01-24
Italy,ITA,2022,5,16852,2022-01-31
Italy,ITA,2022,6,15581,2022-02-07
Italy,ITA,2022,7,14667,2022-02-14
Italy,ITA,2022,8,13896,2022-02-21
Italy,ITA,2022,9,13932,2022-02-28
Italy,ITA,2022,10,14089,2022-03-07
Italy,ITA,2022,11,14045,2022-03-14
Italy,ITA,2022,12,13686,2022-03-21
Italy,ITA,2022,13,13824,2022-03-28
Italy,ITA,2022,14,13739,2022-04-04
Italy,ITA,2022,15,13541,2022-04-11
Italy,ITA,2022,16,13064,2022-04-18
Italy,ITA,2022,17,12801,2022-04-25
Italy,ITA,2022,18,12648,2022-05-02
Italy,ITA,2022,19,12725,2022-05-09
Italy,ITA,2022,20,12495,2022-05-16
Italy,ITA,2022,21,12295,2022-05-23
Italy,ITA,2022,22,11661,2022-05-30
Italy,ITA,2022,23,11671,2022-06-06
Italy,ITA,2022,24,12022,2022-06-13
Italy,ITA,2022,25,12443,2022-06-20
Italy,ITA,2022,26,13308,2022-06-27
Italy,ITA,2022,27,14052,2022-07-04
Italy,ITA,2022,28,13535,2022-07-11
Italy,ITA,2022,29,15706,2022-07-18
Italy,ITA,2022,30,16109,2022-07-25
Italy,ITA,2022,31,14636,2022-08-01
Italy,ITA,2022,32,13141,2022-08-08
Italy,ITA,2022,33,12569,2022-08-15
Italy,ITA,2022,34,11943,2022-08-22
Italy,ITA,2022,35,11679,2022-08-29
Italy,ITA,2022,36,11896,2022-09-05
Italy,ITA,2022,37,11643,2022-09-12
Italy,ITA,2022,38,11480,2022-09-19
Italy,ITA,2022,39,12133,2022-09-26
Italy,ITA,2022,40,12442,2022-10-03
Italy,ITA,2022,41,12392,2022-10-10
Italy,ITA,2022,42,12536,2022-10-17
Italy,ITA,2022,43,12520,2022-10-24
Italy,ITA,2022,44,12112,2022-10-31
Italy,ITA,2022,45,12908,2022-11-07
Italy,ITA,2022,46,13558,2022-11-14
Italy,ITA,2022,47,13720,2022-11-21
Italy,ITA,2022,48,14704,2022-11-28
Italy,ITA,2022,49,15180,2022-12-05
Italy,ITA,2022,50,15497,2022-12-12
Italy,ITA,2022,51,15433,2022-12-19
Italy,ITA,2022,52,15515,2022-12-26
Italy,ITA,2023,1,15520,2023-01-02
Italy,ITA,2023,2,15133,2023-01-09
Italy,ITA,2023,3,14908,2023-01-16
Italy,ITA,2023,4,15051,2023-01-23
Italy,ITA,2023,5,14967,2023-01-30
Italy,ITA,2023,6,14913,2023-02-06
Italy,ITA,2023,7,15190,2023-02-13
Italy,ITA,2023,8,14239,2023-02-20
Italy,ITA,2023,9,13252,2023-02-27
Italy,ITA,2023,10,13500,2023-03-06
Italy,ITA,2023,11,12616,2023-03-13
Italy,ITA,2023,12,12483,2023-03-20
Italy,ITA,2023,13,12222,2023-03-27
Italy,ITA,2023,14,12204,2023-04-03
Italy,ITA,2023,15,12684,2023-04-10
Italy,ITA,2023,16,12633,2023-04-17
Italy,ITA,2023,17,12083,2023-04-24
Italy,ITA,2023,18,11658,2023-05-01
Italy,ITA,2023,19,11323,2023-05-08
Italy,ITA,2023,20,11082,2023-05-15
Italy,ITA,2023,21,11858,2023-05-22
Italy,ITA,2023,22,11093,2023-05-29
Italy,ITA,2023,23,11007,2023-06-05
Italy,ITA,2023,24,10806,2023-06-12
Italy,ITA,2023,25,11695,2023-06-19
Italy,ITA,2023,26,10926,2023-06-26
Italy,ITA,2023,27,11119,2023-07-03
Italy,ITA,2023,28,11960,2023-07-10
Italy,ITA,2023,29,13693,2023-07-17
Italy,ITA,2023,30,13353,2023-07-24
Italy,ITA,2023,31,11455,2023-07-31
Italy,ITA,2023,32,10915,2023-08-07
Italy,ITA,2023,33,11693,2023-08-14
Italy,ITA,2023,34,12976,2023-08-21
Italy,ITA,2023,35,11114,2023-08-28
Italy,ITA,2023,36,11307,2023-09-04
Italy,ITA,2023,37,11354,2023-09-11
Italy,ITA,2023,38,11100,2023-09-18
Italy,ITA,2023,39,11284,2023-09-25
Italy,ITA,2023,40,11440,2023-10-02
Italy,ITA,2023,41,11417,2023-10-09
Italy,ITA,2023,42,11522,2023-10-16
Italy,ITA,2023,43,11842,2023-10-23
Italy,ITA,2023,44,11684,2023-10-30
Italy,ITA,2023,45,12230,2023-11-06
Italy,ITA,2023,46,12981,2023-11-13
Italy,ITA,2023,47,13116,2023-11-20
Italy,ITA,2023,48,14017,2023-11-27
Italy,ITA,2023,49,13994,2023-12-04
Italy,ITA,2023,50,14596,2023-12-11
Italy,ITA,2023,51,15367,2023-12-18
Italy,ITA,2023,52,15828,2023-12-25
Italy,ITA,2024,1,16284,2024-01-01
Italy,ITA,2024,2,15057,2024-01-08
Italy,ITA,2024,3,14714,2024-01-15
Italy,ITA,2024,4,14127,2024-01-22
Italy,ITA,2024,5,13739,2024-01-29
Italy,ITA,2024,6,13447,2024-02-05
Italy,ITA,2024,7,12697,2024-02-12
Italy,ITA,2024,8,12498,2024-02-19
Italy,ITA,2024,9,12348,2024-02-26
Italy,ITA,2024,10,12126,2024-03-04
Italy,ITA,2024,11,12168,2024-03-11
Italy,ITA,2024,12,11838,2024-03-18
Italy,ITA,2024,13,11975,2024-03-25
Italy,ITA,2024,14,11770,2024-04-01
Italy,ITA,2024,15,12050,2024-04-08
Italy,ITA,2024,16,11157,2024-04-15
Italy,ITA,2024,17,11592,2024-04-22
Italy,ITA,2024,18,12047,2024-04-29
Italy,ITA,2024,19,11543,2024-05-06
Italy,ITA,2024,20,11432,2024-05-13
Italy,ITA,2024,21,11194,2024-05-20
Italy,ITA,2024,22,11127,2024-05-27
Italy,ITA,2024,23,11519,2024-06-03
Italy,ITA,2024,24,10961,2024-06-10
Italy,ITA,2024,25,11554,2024-06-17
Italy,ITA,2024,26,10906,2024-06-24
Italy,ITA,2024,27,11018,2024-07-01
Italy,ITA,2024,28,11942,2024-07-08
Italy,ITA,2024,29,12824,2024-07-15
Italy,ITA,2024,30,12345,2024-07-22
Italy,ITA,2024,31,13189,2024-07-29
Italy,ITA,2024,32,12982,2024-08-05
Italy,ITA,2024,33,13025,2024-08-12
Italy,ITA,2024,34,11938,2024-08-19
Italy,ITA,2024,35,12036,2024-08-26
Italy,ITA,2024,36,12017,2024-09-02
Italy,ITA,2024,37,11439,2024-09-09
Italy,ITA,2024,38,11974,2024-09-16
Italy,ITA,2024,39,12404,2024-09-23
Italy,ITA,2024,40,12043,2024-09-30
Italy,ITA,2024,41,12589,2024-10-07
Italy,ITA,2024,42,12464,2024-10-14
Italy,ITA,2024,43,12369,2024-10-21
Italy,ITA,2024,44,11096,2024-10-28
Italy,ITA,2024,45,12210,2024-11-04
Italy,ITA,2024,46,12914,2024-11-11
Italy,ITA,2024,47,12985,2024-11-18
Italy,ITA,2024,48,13173,2024-11-25
Italy,ITA,2024,49,12995,2024-12-02
Italy,ITA,2024,50,13214,2024-12-09
Italy,ITA,2024,51,13313,2024-12-16
Italy,ITA,2024,52,13969,2024-12-23
