year,week,t2m
2015,1,8.767978441393076
2015,2,9.73255805455033
2015,3,10.495265476511323
2015,4,9.135060844067407
2015,5,7.744006049157439
2015,6,7.223262934202545
2015,7,8.175340268412159
2015,8,8.996053263305033
2015,9,9.561578088006012
2015,10,9.95197023617693
2015,11,9.846086223447022
2015,12,11.10055632203333
2015,13,12.111924980859715
2015,14,12.134612279286182
2015,15,11.379593780048355
2015,16,14.347361464624157
2015,17,14.903909767903867
2015,18,15.352064251733399
2015,19,18.556328452687247
2015,20,18.451073792913736
2015,21,16.979687368114803
2015,22,17.28988475555379
2015,23,21.322891057368555
2015,24,22.242269046408538
2015,25,20.640416186009148
2015,26,21.36127516295558
2015,27,24.184050011668763
2015,28,25.260141659939304
2015,29,26.23838680447955
2015,30,26.525383510640008
2015,31,25.096062961623094
2015,32,26.308200749412354
2015,33,24.717931384312923
2015,34,22.69016975661747
2015,35,24.154156597912404
2015,36,23.697058607376785
2015,37,20.907313047369158
2015,38,23.123570319578
2015,39,19.315883545054195
2015,40,18.221539949942844
2015,41,18.80565361793488
2015,42,17.158329733569722
2015,43,15.667235396659825
2015,44,15.826271922548159
2015,45,15.475003832526598
2015,46,15.40267385250105
2015,47,14.235531873986615
2015,48,9.937098577776284
2015,49,11.817062917253434
2015,50,10.842498226123158
2015,51,10.967455783061853
2015,52,11.305808283327773
2015,53,9.718607595798138
2016,1,11.273695466661026
2016,2,9.675652752660351
2016,3,6.920973664580736
2016,4,10.939594947914705
2016,5,10.845808303255257
2016,6,11.305254342670201
2016,7,10.767041371591084
2016,8,11.354262796934425
2016,9,10.278192440478199
2016,10,9.5587422374593
2016,11,10.628292192834966
2016,12,11.580000261868667
2016,13,14.115739258490553
2016,14,14.220313801901446
2016,15,15.349198301176184
2016,16,14.812154445016438
2016,17,13.040604216295222
2016,18,15.015063436459494
2016,19,16.301851761907166
2016,20,16.257439321471328
2016,21,18.22334158885193
2016,22,18.47370370266555
2016,23,20.15652433448488
2016,24,20.499400417134368
2016,25,22.368042611097156
2016,26,23.058276159644013
2016,27,24.22963999072721
2016,28,22.981234813768502
2016,29,24.029335250704644
2016,30,24.321991641520025
2016,31,23.961169585737224
2016,32,22.52534518950858
2016,33,23.42823348076036
2016,34,23.45394633773189
2016,35,23.547945361004015
2016,36,22.425405268393636
2016,37,21.840313781064406
2016,38,19.579980973138632
2016,39,19.759963972513788
2016,40,17.666639583478883
2016,41,16.749962744286176
2016,42,16.675609256377744
2016,43,17.324821240955426
2016,44,15.969262277744903
2016,45,12.557431988818538
2016,46,13.222321051520293
2016,47,14.75916108920358
2016,48,10.358000949094015
2016,49,11.144865406214434
2016,50,9.959472241576435
2016,51,10.503261375517708
2016,52,8.973658564019209
2017,1,6.161694862444815
2017,2,5.980906339987912
2017,3,6.4739691154667804
2017,4,7.770887475316402
2017,5,10.754507180244765
2017,6,9.586120827482448
2017,7,9.965146942128358
2017,8,10.679296237899326
2017,9,11.614251587021577
2017,10,11.472845508182958
2017,11,12.118642618558798
2017,12,13.367169685986527
2017,13,13.3277665252262
2017,14,13.652788173006574
2017,15,15.018402034286938
2017,16,11.985741935305716
2017,17,14.150068807288646
2017,18,15.029529434118336
2017,19,16.682312984113867
2017,20,18.155506922708902
2017,21,19.068635073814733
2017,22,20.699029582358975
2017,23,20.780715446056174
2017,24,22.99142118155664
2017,25,23.936790441812693
2017,26,23.372936933579883
2017,27,24.226781364140685
2017,28,24.716687615744807
2017,29,24.421685886105305
2017,30,23.857969331783345
2017,31,27.093744438082005
2017,32,24.827038295564737
2017,33,24.604293771356332
2017,34,23.95275045093998
2017,35,23.54976224733275
2017,36,21.429967428237266
2017,37,20.506778338801258
2017,38,18.455826706741934
2017,39,18.521624329196246
2017,40,18.19805706323653
2017,41,17.78475352339426
2017,42,17.9830954578764
2017,43,16.06109226254974
2017,44,15.08081693731335
2017,45,13.24530010154916
2017,46,11.716125439496144
2017,47,12.594475983478436
2017,48,9.106675597735254
2017,49,9.08526531514831
2017,50,11.02886596361346
2017,51,7.815701524847826
2017,52,9.781741703237344
2018,1,11.630035423956345
2018,2,10.438455327326071
2018,3,10.241119389726848
2018,4,10.140559140904173
2018,5,9.783510240610259
2018,6,8.31189271900655
2018,7,8.234105602528766
2018,8,7.693580986404881
2018,9,6.575168296495127
2018,10,11.111344632150898
2018,11,11.67698631377062
2018,12,8.344053948711275
2018,13,11.846235491468347
2018,14,13.194267707364268
2018,15,13.979308677693517
2018,16,16.000182579168197
2018,17,17.522111959288818
2018,18,16.504689516727602
2018,19,17.282146229104775
2018,20,16.44297279296414
2018,21,19.21897845992729
2018,22,20.963645065091622
2018,23,21.097566872751607
2018,24,21.202949634829285
2018,25,22.007665492218482
2018,26,21.55954189805703
2018,27,23.409884164178813
2018,28,23.877757268041456
2018,29,24.302908600748623
2018,30,24.53806289148827
2018,31,26.128979128779662
2018,32,25.9205869762925
2018,33,24.586162991476286
2018,34,24.08808349245556
2018,35,22.73886659587699
2018,36,22.606755315941772
2018,37,23.14282231192955
2018,38,22.83533833883632
2018,39,19.247850054708824
2018,40,18.394276381608076
2018,41,19.190573482491487
2018,42,18.695387520364093
2018,43,17.52755760126207
2018,44,16.604719518754415
2018,45,15.741606591915966
2018,46,14.034449277837908
2018,47,13.149765897121812
2018,48,11.10929665935322
2018,49,12.514525479132821
2018,50,9.333064377202135
2018,51,10.155362510461538
2018,52,9.896580565215585
2019,1,7.553984675607366
2019,2,7.179209976077449
2019,3,9.017225961285336
2019,4,7.170528975736582
2019,5,9.136494177999392
2019,6,9.451049330066109
2019,7,9.419963324581138
2019,8,9.2175955152444
2019,9,10.936146211459441
2019,10,12.565331588876406
2019,11,11.277372552656871
2019,12,11.838956545730507
2019,13,11.783116149799008
2019,14,12.485163868748646
2019,15,12.021026111900737
2019,16,13.857241703667315
2019,17,15.023394239167674
2019,18,13.654150071867958
2019,19,14.114187862481792
2019,20,13.99968188871807
2019,21,16.415017312601627
2019,22,16.985938493893645
2019,23,20.266790963317444
2019,24,21.988023415224237
2019,25,22.56908278072189
2019,26,25.186344305952034
2019,27,25.43902222291571
2019,28,24.137109895925967
2019,29,23.372873818854195
2019,30,25.485942921764156
2019,31,24.50703188710072
2019,32,25.646634811797252
2019,33,24.443927534455224
2019,34,24.73386302984951
2019,35,24.79949759214802
2019,36,22.239585033371036
2019,37,22.064134348090477
2019,38,21.384765075960615
2019,39,20.991426806316515
2019,40,19.376744819532092
2019,41,18.469630291251537
2019,42,18.980166142466356
2019,43,18.74814791478805
2019,44,17.009836684673196
2019,45,15.011653974099385
2019,46,13.539171523184832
2019,47,13.220422861468384
2019,48,13.557235008528655
2019,49,11.74772979109979
2019,50,10.913321489875338
2019,51,13.789797264801464
2019,52,10.513046328523902
2020,1,9.002403900409037
2020,2,8.92704341924347
2020,3,9.339603362108974
2020,4,9.846314272214885
2020,5,11.51561017304203
2020,6,10.172568903122482
2020,7,11.66152367729133
2020,8,10.91313808260029
2020,9,11.483360414867429
2020,10,10.966851688812161
2020,11,11.885225477336867
2020,12,12.327389751068202
2020,13,9.239153274652951
2020,14,10.705627979696413
2020,15,13.953115223129638
2020,16,14.298384669013933
2020,17,14.715154565838182
2020,18,16.070312230028087
2020,19,16.886899402569078
2020,20,18.12659569414525
2020,21,18.60757241722274
2020,22,17.698872372284196
2020,23,18.91709176373421
2020,24,19.020063649543008
2020,25,20.179789203348474
2020,26,22.57969843903138
2020,27,23.843369650470954
2020,28,23.35107232605243
2020,29,22.307378451274957
2020,30,24.06749881857306
2020,31,26.149853218366488
2020,32,24.09882612646351
2020,33,25.435411569447687
2020,34,25.09595944826371
2020,35,24.60428311097901
2020,36,22.168922789481382
2020,37,23.20420348910245
2020,38,23.40922964760536
2020,39,20.137700667287962
2020,40,18.764360866535025
2020,41,17.771124143134728
2020,42,14.880507626785791
2020,43,16.500361378729256
2020,44,15.848497717798663
2020,45,15.810561937201557
2020,46,14.939966531417777
2020,47,13.217023011432214
2020,48,12.154603372527493
2020,49,10.96017088388467
2020,50,10.225815552973328
2020,51,11.455098412998312
2020,52,10.93306410764363
2020,53,9.521679002647781
2021,1,8.544006415666049
2021,2,7.45842863466735
2021,3,9.791010790724592
2021,4,9.610593267796242
2021,5,12.047388187298134
2021,6,9.101194739514561
2021,7,9.422375437015546
2021,8,11.691107483261598
2021,9,10.817210405444456
2021,10,10.983922386466611
2021,11,8.774451915211536
2021,12,10.781260363532244
2021,13,13.781046976142342
2021,14,10.894877449526103
2021,15,10.83054713281702
2021,16,12.986563354897374
2021,17,15.273789247800822
2021,18,15.58161287701149
2021,19,16.230824599059034
2021,20,16.537731158819792
2021,21,17.55716750520862
2021,22,19.249434395149105
2021,23,20.878584781639773
2021,24,22.704387642624585
2021,25,24.055716002950813
2021,26,24.033568503696316
2021,27,24.554706996273566
2021,28,23.348482429035688
2021,29,24.633793071562614
2021,30,25.80891344225087
2021,31,24.589975509948484
2021,32,26.61925740212614
2021,33,24.688225975209768
2021,34,22.923267847237017
2021,35,22.40249209895915
2021,36,22.324527812881044
2021,37,22.840856333702074
2021,38,21.034203675726236
2021,39,20.80723744365072
2021,40,17.99248480070401
2021,41,15.286658706670229
2021,42,16.868572492004553
2021,43,15.448187677147917
2021,44,15.467019952025886
2021,45,14.786743044993736
2021,46,13.62481269901027
2021,47,12.169439870494195
2021,48,10.033137325852
2021,49,8.963845921318574
2021,50,9.582738457405679
2021,51,10.299407225967178
2021,52,11.618807386194076
2022,1,9.753302053218876
2022,2,8.14649373595652
2022,3,8.265352329170712
2022,4,8.042315238896329
2022,5,9.941778535099385
2022,6,9.974904534119581
2022,7,10.900369278199083
2022,8,10.105952141161097
2022,9,8.14276098737
2022,10,8.185873149108806
2022,11,11.067937547776374
2022,12,11.477918822473224
2022,13,11.296978115223153
2022,14,11.92975991573438
2022,15,13.436495362072327
2022,16,13.308388417117431
2022,17,14.912129993744943
2022,18,15.441121672292027
2022,19,17.987363519883715
2022,20,20.0006515758225
2022,21,20.748727769444088
2022,22,22.08203396708359
2022,23,21.930845372428006
2022,24,23.399773899123094
2022,25,24.54888245302805
2022,26,25.4522869777544
2022,27,24.838456671811123
2022,28,24.84406853050333
2022,29,26.76433450396144
2022,30,26.283801824772176
2022,31,26.65889758832459
2022,32,25.166379684844127
2022,33,25.242215355894643
2022,34,24.35819232116135
2022,35,23.868111383657382
2022,36,24.234664249090734
2022,37,22.6884616817957
2022,38,19.298484050107607
2022,39,19.431878058496796
2022,40,19.244524306387955
2022,41,18.860547822175686
2022,42,19.2995993442816
2022,43,19.319815241873048
2022,44,17.034907384659412
2022,45,15.805253406243805
2022,46,15.040669456068006
2022,47,12.730811210022017
2022,48,11.31949674113694
2022,49,12.432146060423992
2022,50,11.568543208938225
2022,51,12.263438792475167
2022,52,12.966536730854799
